latitude,longitude,floorSize,price,url
39.252922,-94.571526,1656,330000,https://www.zillow.com/homedetails/701-NE-88th-St-Kansas-City-MO-64155/66412158_zpid/
39.28693,-94.595634,1649,376700,https://www.zillow.com/community/holly-farms/341193974_zpid/
39.052692,-94.54595,1600,185000,https://www.zillow.com/homedetails/4014-College-Ave-Kansas-City-MO-64130/2356616_zpid/
39.21143,-94.63805,1698,319000,https://www.zillow.com/homedetails/6407-N-Kirkwood-Ave-Kansas-City-MO-64151/2493135_zpid/
39.293766,-94.464226,1649,373600,https://www.zillow.com/community/somerbrook/341193941_zpid/
39.22025,-94.50049,1649,374200,https://www.zillow.com/community/meadows-at-searcy-creek/2052955764_zpid/
38.95562,-94.59279,1608,180000,https://www.zillow.com/homedetails/111-W-Bannister-Rd-3-Kansas-City-MO-64114/341340021_zpid/
38.95178,-94.58883,3200,439000,https://www.zillow.com/homedetails/207-E-97th-St-Kansas-City-MO-64131/2431351_zpid/
39.26255,-94.623184,1789,425000,https://www.zillow.com/homedetails/3704-NW-95th-St-Kansas-City-MO-64154/2078185547_zpid/
39.178226,-94.57116,3094,325000,https://www.zillow.com/homedetails/716-NE-46th-Ter-Kansas-City-MO-64116/66444785_zpid/
39.10448,-94.575424,914,110000,https://www.zillow.com/homedetails/600-E-8th-St-APT-5B-Kansas-City-MO-64106/66864327_zpid/
39.258667,-94.546,3347,682500,https://www.zillow.com/homedetails/9186-N-Montgall-Ave-Kansas-City-MO-64156/339936917_zpid/
39.05315,-94.52641,3102,399900,https://www.zillow.com/homedetails/4927-S-Park-Ridge-Dr-Blue-Springs-MO-64015/2072302920_zpid/
39.170624,-94.588196,2478,508000,https://www.zillow.com/homedetails/421-NW-Briarcliff-Rd-Kansas-City-MO-64116/66444360_zpid/
38.98288,-94.59137,1088,275000,https://www.zillow.com/homedetails/103-W-80th-St-Kansas-City-MO-64114/2424896_zpid/
39.053738,-94.54955,1464,65000,https://www.zillow.com/homedetails/2912-E-40th-St-Kansas-City-MO-64130/2356348_zpid/
39.061108,-94.60694,1990,320000,https://www.zillow.com/homedetails/3629-State-Line-Rd-Kansas-City-MO-64111/2343075_zpid/
38.928852,-94.509575,888,184900,https://www.zillow.com/homedetails/10722-Cambridge-Ave-Kansas-City-MO-64134/2464388_zpid/
38.910316,-94.508835,1902,269000,https://www.zillow.com/homedetails/11710-Corrington-Ave-Kansas-City-MO-64134/2467688_zpid/
38.865456,-94.56456,6395,11000000,https://www.zillow.com/homedetails/14400-Prospect-Ave-Kansas-City-MO-64146/2061241963_zpid/
39.07314,-94.58712,833,252500,https://www.zillow.com/homedetails/2940-Baltimore-Ave-APT-1304-Kansas-City-MO-64108/113969784_zpid/
39.259098,-94.5454,3347,672500,https://www.zillow.com/homedetails/9199-N-Chestnut-Ave-Kansas-City-MO-64156/2053963986_zpid/
39.041164,-94.604164,1320,425000,https://www.zillow.com/homedetails/4743-Fairmount-Ave-Kansas-City-MO-64112/2345271_zpid/
39.02193,-94.57493,2125,299900,https://www.zillow.com/homedetails/5745-Harrison-St-Kansas-City-MO-64110/2352512_zpid/
38.981747,-94.49676,1712,199000,https://www.zillow.com/homedetails/7842-Smalley-Ave-Kansas-City-MO-64138/2407273_zpid/
39.100803,-94.581726,854,325000,https://www.zillow.com/homedetails/1101-Walnut-St-UNIT-808-Kansas-City-MO-64106/70895414_zpid/
39.044964,-94.60683,1404,399950,https://www.zillow.com/homedetails/4536-Bell-St-Kansas-City-MO-64111/2344976_zpid/
38.941498,-94.5106,2432,265000,https://www.zillow.com/homedetails/10104-Cambridge-Ave-Kansas-City-MO-64134/2434810_zpid/
39.003494,-94.55396,1292,109900,https://www.zillow.com/homedetails/6747-Chestnut-Ave-Kansas-City-MO-64132/2409881_zpid/
39.18038,-94.51422,1040,229950,https://www.zillow.com/homedetails/4732-N-Oakley-Ave-Kansas-City-MO-64117/66449599_zpid/
39.061478,-94.548996,1961,189500,https://www.zillow.com/homedetails/3524-Agnes-Ave-Kansas-City-MO-64128/2355517_zpid/
38.947063,-94.51005,1714,189900,https://www.zillow.com/homedetails/9805-Cambridge-Ave-Kansas-City-MO-64134/2434631_zpid/
38.952457,-94.607796,1989,379900,https://www.zillow.com/homedetails/9631-State-Line-Rd-Kansas-City-MO-64114/2430372_zpid/
39.053963,-94.57775,1954,375000,https://www.zillow.com/homedetails/4009-Kenwood-Ave-Kansas-City-MO-64110/2342217_zpid/
39.276478,-94.5723,2088,288000,https://www.zillow.com/homedetails/10017-N-Cherry-Dr-Kansas-City-MO-64155/66403370_zpid/
38.976437,-94.5654,1428,150000,https://www.zillow.com/homedetails/2132-Maddi-Ave-Kansas-City-MO-64132/2427087_zpid/
39.247074,-94.47689,4113,1950000,https://www.zillow.com/homedetails/8516-N-Booth-Ave-Kansas-City-MO-64157/2067080817_zpid/
39.21485,-94.526474,3514,459000,https://www.zillow.com/homedetails/4429-NE-67th-St-Kansas-City-MO-64119/88932308_zpid/
39.222,-94.59394,1300,239000,https://www.zillow.com/homedetails/1108-NW-70th-Ct-Kansas-City-MO-64118/66414494_zpid/
39.049328,-94.60109,790,165000,https://www.zillow.com/homedetails/4311-Mercier-St-1N-Kansas-City-MO-64111/2067384681_zpid/
39.27829,-94.48046,2379,395000,https://www.zillow.com/homedetails/8209-NE-102nd-Ter-Kansas-City-MO-64157/81899842_zpid/
39.044067,-94.60641,1150,375000,https://www.zillow.com/homedetails/4609-Bell-St-Kansas-City-MO-64112/2345006_zpid/
39.04454,-94.466995,1080,210000,https://www.zillow.com/homedetails/9511-E-43rd-St-Kansas-City-MO-64133/2363974_zpid/
39.24926,-94.477455,6173,1950000,https://www.zillow.com/homedetails/8542-N-Booth-Ave-Kansas-City-MO-64157/345104152_zpid/
39.053757,-94.46861,812,165000,https://www.zillow.com/homedetails/3822-Denton-Rd-Kansas-City-MO-64133/2363024_zpid/
39.01668,-94.60528,3483,950000,https://www.zillow.com/homedetails/1248-W-61st-Ter-Kansas-City-MO-64113/2415650_zpid/
39.06515,-94.570175,1410,210000,https://www.zillow.com/homedetails/3345-Forest-Ave-Kansas-City-MO-64109/90017694_zpid/
39.049446,-94.58383,579,145000,https://www.zillow.com/homedetails/200-E-43rd-St-APT-307-Kansas-City-MO-64111/80868566_zpid/
39.03778,-94.59726,3872,1225000,https://www.zillow.com/homedetails/5010-Sunset-Dr-Kansas-City-MO-64112/2345791_zpid/
39.065487,-94.53888,1746,174000,https://www.zillow.com/homedetails/3305-Cleveland-Ave-Kansas-City-MO-64128/2334087_zpid/
39.07107,-94.54095,1964,147000,https://www.zillow.com/homedetails/3005-Askew-Ave-Kansas-City-MO-64128/2332677_zpid/
39.052097,-94.5953,852,125000,https://www.zillow.com/homedetails/4215-Clark-Ave-APT-3-Kansas-City-MO-64111/83918957_zpid/
39.077343,-94.5655,2278,305000,https://www.zillow.com/homedetails/2700-Paseo-Blvd-Kansas-City-MO-64109/2336791_zpid/
39.104847,-94.54217,1524,205000,https://www.zillow.com/homedetails/3237-E-6th-St-Kansas-City-MO-64124/2325386_zpid/
39.196888,-94.61919,2176,330000,https://www.zillow.com/homedetails/5608-N-Colrain-Ave-Kansas-City-MO-64151/2494333_zpid/
38.952847,-94.54606,1640,175000,https://www.zillow.com/homedetails/3710-E-96th-St-Kansas-City-MO-64137/2433706_zpid/
38.958073,-94.49214,1528,165000,https://www.zillow.com/homedetails/8315-E-91st-St-Kansas-City-MO-64138/2439591_zpid/
39.039593,-94.439156,2106,195300,https://www.zillow.com/homedetails/4506-Westridge-Rd-Kansas-City-MO-64133/2372132_zpid/
39.28097,-94.65052,3968,699900,https://www.zillow.com/homedetails/6104-NW-103rd-St-Kansas-City-MO-64154/126232259_zpid/
38.95825,-94.484566,1476,175000,https://www.zillow.com/homedetails/9029-Lewis-Ave-Kansas-City-MO-64138/2439527_zpid/
39.082684,-94.53617,1416,164000,https://www.zillow.com/homedetails/2334-Myrtle-Ave-Kansas-City-MO-64127/2327380_zpid/
39.018192,-94.56426,1746,260000,https://www.zillow.com/homedetails/1804-E-60th-St-Kansas-City-MO-64130/2412067_zpid/
39.066505,-94.55677,1927,230000,https://www.zillow.com/homedetails/3242-Park-Ave-Kansas-City-MO-64109/2337408_zpid/
39.052135,-94.60663,2396,515000,https://www.zillow.com/homedetails/4202-Bell-St-Kansas-City-MO-64111/2343666_zpid/
38.91675,-94.50695,912,124950,https://www.zillow.com/homedetails/11401-Corrington-Ave-Kansas-City-MO-64134/2465654_zpid/
39.042164,-94.578026,4210,550000,https://www.zillow.com/homedetails/612-Emanuel-Cleaver-Ii-Blvd-Kansas-City-MO-64110/2053585486_zpid/
39.116425,-94.52239,1070,135000,https://www.zillow.com/homedetails/5012-Norledge-Ave-Kansas-City-MO-64123/2283183_zpid/
38.94775,-94.52362,1372,217000,https://www.zillow.com/homedetails/9724-Lawndale-Ave-Kansas-City-MO-64137/2433876_zpid/
39.022972,-94.395325,6000,2500000,https://www.zillow.com/homedetails/5401-Phelps-Rd-Kansas-City-MO-64136/2374127_zpid/
39.031376,-94.56506,1595,150000,https://www.zillow.com/homedetails/5227-Highland-Ave-Kansas-City-MO-64110/2349119_zpid/
38.887928,-94.60253,2952,449000,https://www.zillow.com/homedetails/13204-Summit-St-Kansas-City-MO-64145/61636562_zpid/
39.304054,-94.56293,1950,1500000,https://www.zillow.com/homedetails/1300-NE-Cookingham-Dr-Kansas-City-MO-64155/66400516_zpid/
38.93896,-94.49691,1407,169900,https://www.zillow.com/homedetails/8001-E-102nd-St-Kansas-City-MO-64134/2442032_zpid/
39.06288,-94.5942,2005,495000,https://www.zillow.com/homedetails/3608-Jefferson-St-Kansas-City-MO-64111/2342711_zpid/
38.97759,-94.603874,1392,247500,https://www.zillow.com/homedetails/8315-Ward-Parkway-Pl-Kansas-City-MO-64114/2429185_zpid/
39.00862,-94.570076,1000,139000,https://www.zillow.com/homedetails/1400-E-66th-St-Kansas-City-MO-64131/2412609_zpid/
39.042824,-94.60316,3510,995000,https://www.zillow.com/homedetails/1414-W-47th-St-Kansas-City-MO-64112/172983366_zpid/
39.02824,-94.56406,1673,179950,https://www.zillow.com/homedetails/5407-Woodland-Ave-Kansas-City-MO-64130/2348710_zpid/
39.28455,-94.65444,3344,675000,https://www.zillow.com/homedetails/6608-NW-105th-St-Kansas-City-MO-64154/331800136_zpid/
39.02251,-94.60487,5685,1795000,https://www.zillow.com/homedetails/1232-W-58th-St-Kansas-City-MO-64113/2353071_zpid/
39.065712,-94.549324,2426,223750,https://www.zillow.com/homedetails/3309-S-Benton-Ave-Kansas-City-MO-64128/2333550_zpid/
39.08745,-94.58119,896,185500,https://www.zillow.com/homedetails/2107-Grand-Ave-UNIT-1107-Kansas-City-MO-64108/66864660_zpid/
39.08915,-94.54681,1344,210000,https://www.zillow.com/homedetails/3008-E-19th-Ter-Kansas-City-MO-64127/63220135_zpid/
39.055264,-94.593025,1152,240000,https://www.zillow.com/homedetails/3991-Pennsylvania-Ave-Kansas-City-MO-64111/61500996_zpid/
39.22241,-94.66367,960,164500,https://www.zillow.com/homedetails/7008-NW-Chapel-Woods-Ln-Kansas-City-MO-64152/2503711_zpid/
39.011887,-94.59264,750,125000,https://www.zillow.com/homedetails/333-W-Meyer-Blvd-APT-611-Kansas-City-MO-64113/58618433_zpid/
39.07854,-94.569305,2946,949900,https://www.zillow.com/homedetails/2623-Forest-Ave-Kansas-City-MO-64108/109855553_zpid/
39.279144,-94.52357,2300,489900,https://www.zillow.com/homedetails/5005-NE-103rd-Ct-Kansas-City-MO-64156/340017923_zpid/
39.28559,-94.55455,3597,600000,https://www.zillow.com/homedetails/10601-N-Euclid-Ave-Kansas-City-MO-64155/71165881_zpid/
38.895245,-94.573074,2126,429900,https://www.zillow.com/homedetails/12707-Highland-Ave-Kansas-City-MO-64145/109837110_zpid/
38.928795,-94.51911,2344,345000,https://www.zillow.com/homedetails/10801-Wheeling-Ave-Kansas-City-MO-64134/2464978_zpid/
39.078335,-94.56869,3609,725000,https://www.zillow.com/homedetails/2626-Tracy-Ave-Kansas-City-MO-64108/2335905_zpid/
38.997494,-94.565346,1845,255000,https://www.zillow.com/homedetails/7130-Paseo-Blvd-Kansas-City-MO-64132/2421738_zpid/
39.030636,-94.53794,624,59900,https://www.zillow.com/homedetails/5220-Norton-Ave-Kansas-City-MO-64130/2360849_zpid/
39.287495,-94.59645,2600,579000,https://www.zillow.com/homedetails/10715-N-Fairmount-Ave-Kansas-City-MO-64155/2053614148_zpid/
39.069386,-94.55715,2271,215000,https://www.zillow.com/homedetails/3113-Brooklyn-Ave-Kansas-City-MO-64109/2337350_zpid/
39.04567,-94.59369,1050,419000,https://www.zillow.com/homedetails/4510-Pennsylvania-Ave-Kansas-City-MO-64111/2344272_zpid/
39.05634,-94.5975,2245,420000,https://www.zillow.com/homedetails/840-W-39th-Ter-Kansas-City-MO-64111/2343855_zpid/
39.01992,-94.55647,1672,52000,https://www.zillow.com/homedetails/5833-Wabash-Ave-Kansas-City-MO-64130/2350975_zpid/
39.07801,-94.574646,1404,365000,https://www.zillow.com/homedetails/820-E-27th-St-Kansas-City-MO-64108/251025623_zpid/
39.003304,-94.54932,875,100000,https://www.zillow.com/homedetails/6741-Walrond-Ave-Kansas-City-MO-64132/2409786_zpid/
39.280094,-94.53682,4010,1199900,https://www.zillow.com/homedetails/10205-N-Bales-Ave-Kansas-City-MO-64123/2058890639_zpid/
39.015,-94.438515,2581,215000,https://www.zillow.com/homedetails/12100-E-59th-St-Kansas-City-MO-64133/2375315_zpid/
39.10712,-94.51407,1382,215000,https://www.zillow.com/homedetails/5802-Thompson-Ave-Kansas-City-MO-64123/2282991_zpid/
39.11351,-94.54083,5777,629000,https://www.zillow.com/homedetails/3422-Saint-John-Ave-Kansas-City-MO-64123/2286199_zpid/
39.021378,-94.53961,1560,140000,https://www.zillow.com/homedetails/5726-Myrtle-Ave-Kansas-City-MO-64130/2361907_zpid/
39.056755,-94.59304,1452,469000,https://www.zillow.com/homedetails/4512-Pennsylvania-Ave-Kansas-City-MO-64111/2344271_zpid/
39.054207,-94.56673,1736,229900,https://www.zillow.com/homedetails/3946-Flora-Ave-Kansas-City-MO-64110/2340188_zpid/
39.051926,-94.590385,1545,435000,https://www.zillow.com/homedetails/4141-Pennsylvania-Ave-APT-205-Kansas-City-MO-64111/109851498_zpid/
39.084557,-94.52684,3072,140000,https://www.zillow.com/homedetails/2220-Chelsea-Ave-Kansas-City-MO-64127/61634335_zpid/
39.051937,-94.59031,2858,799000,https://www.zillow.com/homedetails/4141-Pennsylvania-Ave-307-308-Kansas-City-MO-64111/2077080123_zpid/
39.061947,-94.567986,3870,420000,https://www.zillow.com/homedetails/3533-Virginia-Ave-Kansas-City-MO-64109/2339736_zpid/
39.115063,-94.52171,1360,168000,https://www.zillow.com/homedetails/319-N-Quincy-Ave-Kansas-City-MO-64123/2283622_zpid/
39.045174,-94.53366,1104,104999,https://www.zillow.com/homedetails/4412-Kensington-Ave-Kansas-City-MO-64130/2359150_zpid/
39.280342,-94.55173,4802,825000,https://www.zillow.com/homedetails/10213-N-Brooklyn-Ave-Kansas-City-MO-64155/66457302_zpid/
39.282146,-94.64896,2789,649900,https://www.zillow.com/homedetails/5908-NW-104th-St-Kansas-City-MO-64154/295526425_zpid/
39.036205,-94.59077,4694,1750000,https://www.zillow.com/homedetails/5049-Wornall-Rd-APT-7AB-Kansas-City-MO-64112/2346712_zpid/
39.07469,-94.516106,880,114499,https://www.zillow.com/homedetails/5638-E-28th-St-Kansas-City-MO-64128/2330966_zpid/
39.28693,-94.595634,2538,439100,https://www.zillow.com/community/holly-farms/341193968_zpid/
39.20471,-94.65382,2938,915000,https://www.zillow.com/homedetails/6216-NW-59th-Ter-Kansas-City-MO-64151/2055705283_zpid/
39.058422,-94.580956,3464,725000,https://www.zillow.com/homedetails/3747-Gillham-Rd-Kansas-City-MO-64109/2341568_zpid/
39.105457,-94.54542,4239,420000,https://www.zillow.com/homedetails/3010-E-6th-St-Kansas-City-MO-64124/2325315_zpid/
39.10487,-94.53173,1200,99900,https://www.zillow.com/homedetails/614-Spruce-Ave-Kansas-City-MO-64124/2323420_zpid/
39.286243,-94.48652,2583,469900,https://www.zillow.com/homedetails/7818-NE-106th-Ter-Kansas-City-MO-64157/346210219_zpid/
39.044437,-94.59168,683,179900,https://www.zillow.com/homedetails/4540-Broadway-APT-3N-Kansas-City-MO-64111/83921985_zpid/
39.111015,-94.53857,1638,85000,https://www.zillow.com/homedetails/307-Askew-Ave-Kansas-City-MO-64124/2286980_zpid/
39.280247,-94.49608,2426,516800,https://www.zillow.com/homedetails/10327-N-Winchester-Ave-Kansas-City-MO-64156/2052876510_zpid/
39.11604,-94.51367,834,79950,https://www.zillow.com/homedetails/401-N-Topping-Ave-Kansas-City-MO-64123/2282356_zpid/
39.104553,-94.57557,950,209900,https://www.zillow.com/homedetails/600-E-8th-St-APT-12B-Kansas-City-MO-64106/2056836652_zpid/
38.99745,-94.5688,728,126000,https://www.zillow.com/homedetails/7124-Wayne-Ave-Kansas-City-MO-64131/2421057_zpid/
38.96559,-94.49506,928,139963,https://www.zillow.com/homedetails/8011-E-88th-St-Kansas-City-MO-64138/2439359_zpid/
39.28019,-94.49099,2650,585000,https://www.zillow.com/homedetails/10308-N-Oakland-Ave-Kansas-City-MO-64157/2058840585_zpid/
39.067085,-94.558426,3404,279000,https://www.zillow.com/homedetails/3233-Garfield-Ave-Kansas-City-MO-64109/2337392_zpid/
39.04167,-94.58274,650,175000,https://www.zillow.com/homedetails/323-Emanuel-Cleaver-Blvd-3D-Kansas-City-MO-64112/2075801774_zpid/
39.27895,-94.54341,4270,1282900,https://www.zillow.com/homedetails/2908-NE-102nd-St-Kansas-City-MO-64155/337750990_zpid/
39.30814,-94.51035,2250,429900,https://www.zillow.com/homedetails/11818-N-Bellaire-Ave-Kansas-City-MO-64156/345104958_zpid/
39.275124,-94.55567,2740,689900,https://www.zillow.com/homedetails/1911-NE-100th-Ter-Kansas-City-MO-64155/81900268_zpid/
39.101845,-94.551544,2184,80000,https://www.zillow.com/homedetails/914-Prospect-Ave-Kansas-City-MO-64127/2334504_zpid/
39.105656,-94.57569,752,199000,https://www.zillow.com/homedetails/600-E-Admiral-Blvd-UNIT-1006-Kansas-City-MO-64106/70895229_zpid/
39.036205,-94.59077,2685,1000000,https://www.zillow.com/homedetails/5049-Wornall-Rd-APT-5CS-Kansas-City-MO-64112/2346736_zpid/
39.283455,-94.595,3200,659000,https://www.zillow.com/homedetails/10426-N-Mulberry-St-Kansas-City-MO-64155/2053832159_zpid/
39.279995,-94.496155,2636,548300,https://www.zillow.com/homedetails/10319-N-Winchester-Ave-Kansas-City-MO-64156/344041703_zpid/
39.03892,-94.58907,1169,475000,https://www.zillow.com/homedetails/121-W-48th-St-APT-303-Kansas-City-MO-64112/61634585_zpid/
39.10995,-94.540115,1284,150000,https://www.zillow.com/homedetails/327-Bales-Ave-Kansas-City-MO-64124/2287059_zpid/
38.960426,-94.49665,1400,173500,https://www.zillow.com/homedetails/9004-Manchester-Ave-Kansas-City-MO-64138/2439226_zpid/
39.284966,-94.487366,2000,478000,https://www.zillow.com/homedetails/7712-NE-106th-Pl-Kansas-City-MO-64157/2053964196_zpid/
39.257595,-94.672806,2741,590000,https://www.zillow.com/homedetails/8108-NW-89th-Ter-Kansas-City-MO-64153/241513418_zpid/
39.295815,-94.63992,2927,549900,https://www.zillow.com/homedetails/11119-N-Hull-Ave-Kansas-City-MO-64154/2056972640_zpid/
39.025776,-94.53834,840,90000,https://www.zillow.com/homedetails/4011-E-55th-St-Kansas-City-MO-64130/2361732_zpid/
39.037502,-94.59157,2019,799900,https://www.zillow.com/homedetails/4950-Central-St-APT-603-Kansas-City-MO-64112/70896106_zpid/
39.200623,-94.65024,3406,1044980,https://www.zillow.com/homedetails/6105-NW-58th-St-Kansas-City-MO-64151/2055496745_zpid/
39.233772,-94.479515,3128,740000,https://www.zillow.com/homedetails/7721-N-Donnelly-Ave-Kansas-City-MO-64158/326648232_zpid/
39.07578,-94.558014,2234,265000,https://www.zillow.com/homedetails/2739-Garfield-Ave-Kansas-City-MO-64109/2336445_zpid/
39.04364,-94.54978,876,55500,https://www.zillow.com/homedetails/4521-Agnes-Ave-Kansas-City-MO-64130/2358431_zpid/
39.27973,-94.49021,2498,554950,https://www.zillow.com/homedetails/10301-N-Oakland-Ave-Kansas-City-MO-64157/2055316302_zpid/
39.041958,-94.55079,726,95000,https://www.zillow.com/homedetails/4619-S-Benton-Ave-Kansas-City-MO-64130/2358634_zpid/
39.009747,-94.55304,1232,155000,https://www.zillow.com/homedetails/6420-S-Benton-Ave-Kansas-City-MO-64132/2408853_zpid/
38.957886,-94.48829,1300,195000,https://www.zillow.com/homedetails/8602-E-91st-Ter-Kansas-City-MO-64138/2439625_zpid/
39.07246,-94.55607,2431,55000,https://www.zillow.com/homedetails/2928-Brooklyn-Ave-Kansas-City-MO-64109/2336647_zpid/
39.28693,-94.595634,2069,392900,https://www.zillow.com/community/holly-farms/341193928_zpid/
39.091805,-94.52545,756,85000,https://www.zillow.com/homedetails/1615-Chelsea-Ave-Kansas-City-MO-64127/2324158_zpid/
39.280766,-94.46304,2766,640000,https://www.zillow.com/homedetails/9837-NE-104th-Ter-Kansas-City-MO-64157/337751020_zpid/
39.09104,-94.4992,1040,75000,https://www.zillow.com/homedetails/1630-Corrington-Ave-Kansas-City-MO-64126/2323012_zpid/
39.03864,-94.589165,1630,599000,https://www.zillow.com/homedetails/121-W-48th-St-APT-1901-Kansas-City-MO-64112/61634680_zpid/
39.293766,-94.464226,2173,404700,https://www.zillow.com/community/somerbrook/341193976_zpid/
39.05082,-94.569275,1393,419900,https://www.zillow.com/homedetails/1318-E-42nd-St-Kansas-City-MO-64110/2340551_zpid/
39.03137,-94.564575,1390,135000,https://www.zillow.com/homedetails/5216-Woodland-Ave-Kansas-City-MO-64110/2349131_zpid/
39.259735,-94.53735,2493,499900,https://www.zillow.com/homedetails/3524-NE-91st-St-Kansas-City-MO-64156/2056287508_zpid/
39.293766,-94.464226,1394,358300,https://www.zillow.com/community/somerbrook/341193981_zpid/
39.24029,-94.47307,2617,589000,https://www.zillow.com/homedetails/8807-NE-81st-Ter-Kansas-City-MO-64158/157445159_zpid/
39.308445,-94.468414,2454,459950,https://www.zillow.com/homedetails/11836-N-Lane-Ave-Kansas-City-MO-64157/2053534289_zpid/
39.280792,-94.46299,2791,620000,https://www.zillow.com/homedetails/9841-NE-104th-Ter-Kansas-City-MO-64157/337751019_zpid/
39.724476,-94.831024,2480,179900,https://www.zillow.com/homedetails/2409-Center-Dr-Saint-Joseph-MO-64503/110506144_zpid/
39.751846,-94.81401,1888,159900,https://www.zillow.com/homedetails/3213-Duncan-St-Saint-Joseph-MO-64507/110499705_zpid/
39.73054,-94.818146,2008,239900,https://www.zillow.com/homedetails/3810-S-31st-St-Saint-Joseph-MO-64503/110505756_zpid/
39.746326,-94.78124,1594,299900,https://www.zillow.com/homedetails/2204-Sterling-St-Saint-Joseph-MO-64503/215126670_zpid/
39.746178,-94.781456,1594,299900,https://www.zillow.com/homedetails/2206-Sterling-St-Saint-Joseph-MO-64503/215126671_zpid/
39.71507,-94.85799,1580,163000,https://www.zillow.com/homedetails/428-Haeberle-St-Saint-Joseph-MO-64504/110508870_zpid/
39.742535,-94.770584,2167,299900,https://www.zillow.com/homedetails/5504-Long-View-Dr-Saint-Joseph-MO-64503/110504667_zpid/
39.74679,-94.77947,1254,329900,https://www.zillow.com/homedetails/5201-University-Ave-Saint-Joseph-MO-64503/215126661_zpid/
39.730198,-94.85604,2776,143000,https://www.zillow.com/homedetails/3915-King-Hill-Ave-Saint-Joseph-MO-64504/110506914_zpid/
39.772213,-94.77803,2390,275000,https://www.zillow.com/homedetails/518-Rockwood-Ct-Saint-Joseph-MO-64506/110489770_zpid/
39.78892,-94.83392,1800,265000,https://www.zillow.com/homedetails/2307-N-22nd-St-Saint-Joseph-MO-64505/110492608_zpid/
39.755463,-94.83608,2296,222000,https://www.zillow.com/homedetails/1911-Mitchell-Ave-Saint-Joseph-MO-64507/110501056_zpid/
41.27554,-96.0002,1211,280000,https://www.zillow.com/homedetails/1718-N-56th-St-Omaha-NE-68104/2053655597_zpid/
41.235954,-96.14521,1682,300000,https://www.zillow.com/homedetails/14733-Castelar-Cir-Omaha-NE-68144/75895391_zpid/
41.226006,-95.97865,1623,179900,https://www.zillow.com/homedetails/4248-A-St-Omaha-NE-68105/75842249_zpid/
41.327557,-96.03559,1528,229900,https://www.zillow.com/homedetails/7918-Potter-Plz-Omaha-NE-68122/118728158_zpid/
41.31674,-96.039986,1736,309000,https://www.zillow.com/homedetails/8102-Vernon-Ave-Omaha-NE-68134/75869446_zpid/
41.243828,-96.06125,2493,400000,https://www.zillow.com/homedetails/1602-S-95th-St-Omaha-NE-68124/75892491_zpid/
41.24707,-96.10208,1080,158000,https://www.zillow.com/homedetails/1231-S-121st-Plz-APT-212-Omaha-NE-68144/118860328_zpid/
41.25728,-95.93749,1119,266500,https://www.zillow.com/homedetails/300-S-16th-St-APT-1001-Omaha-NE-68102/91932763_zpid/
41.260147,-95.95885,1093,185000,https://www.zillow.com/homedetails/105-N-31st-Ave-APT-403-Omaha-NE-68131/91933857_zpid/
41.24711,-96.168945,2688,389000,https://www.zillow.com/homedetails/1256-Peterson-Dr-Omaha-NE-68130/75837342_zpid/
41.269848,-96.16107,7676,2399000,https://www.zillow.com/homedetails/15722-Burt-St-Omaha-NE-68118/75839708_zpid/
41.294968,-96.06963,2264,330000,https://www.zillow.com/homedetails/9834-Ruggles-St-Omaha-NE-68134/75761320_zpid/
41.40324,-96.04449,3172,699999,https://www.zillow.com/homedetails/1255-Kameo-Dr-Omaha-NE-68122/6666237_zpid/
41.247643,-96.014114,1907,292000,https://www.zillow.com/homedetails/6475-Pierce-St-Omaha-NE-68106/75827222_zpid/
41.246483,-96.22897,6101,824900,https://www.zillow.com/homedetails/1219-S-200th-Ave-Omaha-NE-68130/118782487_zpid/
41.283863,-96.1921,3172,545000,https://www.zillow.com/homedetails/17704-Corby-St-Omaha-NE-68116/123426679_zpid/
41.257538,-96.25571,4506,785000,https://www.zillow.com/homedetails/280-Skyline-Dr-Elkhorn-NE-68022/118824408_zpid/
41.33522,-96.03269,3238,425000,https://www.zillow.com/homedetails/8333-N-78th-St-Omaha-NE-68122/121788770_zpid/
41.18582,-96.119965,1544,315000,https://www.zillow.com/homedetails/13202-Lillian-St-Omaha-NE-68138/6658058_zpid/
41.233913,-95.93614,1230,159900,https://www.zillow.com/homedetails/2630-S-15th-St-Omaha-NE-68108/75889771_zpid/
41.190414,-96.16315,2110,375000,https://www.zillow.com/homedetails/6911-S-159th-Cir-Omaha-NE-68136/58588779_zpid/
41.349346,-96.012245,2348,650000,https://www.zillow.com/homedetails/6501-Rainwood-Rd-Omaha-NE-68152/75863416_zpid/
41.272285,-96.15352,2360,348000,https://www.zillow.com/homedetails/1405-N-154th-St-Omaha-NE-68154/75897189_zpid/
41.23388,-95.96292,3096,325000,https://www.zillow.com/homedetails/3402-Wright-St-Omaha-NE-68105/75811360_zpid/
41.304108,-96.239365,3279,439999,https://www.zillow.com/homedetails/4938-N-208th-St-Elkhorn-NE-68022/181123563_zpid/
41.295525,-96.2131,2922,535000,https://www.zillow.com/homedetails/4003-N-190th-St-Elkhorn-NE-68022/128544806_zpid/
41.259342,-95.927284,1084,355000,https://www.zillow.com/homedetails/105-S-9th-St-APT-306-Omaha-NE-68102/118855460_zpid/
41.28348,-96.04903,1527,270000,https://www.zillow.com/homedetails/2706-N-88th-St-Omaha-NE-68134/75823854_zpid/
41.252644,-96.00011,1590,365000,https://www.zillow.com/homedetails/5612-Leavenworth-St-Omaha-NE-68106/75784900_zpid/
41.24857,-96.005066,1356,235000,https://www.zillow.com/homedetails/1102-S-60th-St-Omaha-NE-68106/75819567_zpid/
41.225864,-96.06672,2316,345000,https://www.zillow.com/homedetails/9810-Ontario-St-Omaha-NE-68124/75811178_zpid/
41.233055,-96.16713,1404,240000,https://www.zillow.com/homedetails/2810-S-162nd-Plz-Omaha-NE-68130/118776589_zpid/
41.196808,-96.22364,3298,529900,https://www.zillow.com/homedetails/6107-S-197th-St-Omaha-NE-68135/250205165_zpid/
41.244083,-96.12082,1817,310000,https://www.zillow.com/homedetails/13309-Trendwood-Dr-Omaha-NE-68144/75817169_zpid/
41.295666,-96.214806,3039,525000,https://www.zillow.com/homedetails/4104-N-191st-St-Elkhorn-NE-68022/181016027_zpid/
41.206547,-96.148155,3088,285000,https://www.zillow.com/homedetails/5070-S-150th-Plz-Omaha-NE-68137/344014777_zpid/
41.248505,-96.03453,5333,1070000,https://www.zillow.com/homedetails/7814-Pierce-Cir-Omaha-NE-68124/75817709_zpid/
41.224365,-96.250786,4104,875000,https://www.zillow.com/homedetails/21416-A-St-Elkhorn-NE-68022/244066091_zpid/
41.306538,-95.981255,1684,148000,https://www.zillow.com/homedetails/4515-Fort-St-Omaha-NE-68104/75841042_zpid/
41.221172,-96.21655,3158,545000,https://www.zillow.com/homedetails/3912-S-192nd-Ave-Omaha-NE-68130/91920537_zpid/
41.22848,-96.25873,4663,1095000,https://www.zillow.com/homedetails/3216-S-219th-St-Elkhorn-NE-68022/75817073_zpid/
41.23392,-95.94122,1665,225000,https://www.zillow.com/homedetails/2710-S-19th-St-Omaha-NE-68108/75891932_zpid/
41.242737,-96.2065,5820,1490000,https://www.zillow.com/homedetails/1636-S-186th-Cir-Omaha-NE-68130/118787496_zpid/
41.29771,-96.063065,2213,265000,https://www.zillow.com/homedetails/9548-Sprague-St-Omaha-NE-68134/75884831_zpid/
41.24032,-96.23908,4090,825000,https://www.zillow.com/homedetails/1855-Blue-Sage-Pkwy-Elkhorn-NE-68022/181116313_zpid/
41.251373,-96.213715,2988,529900,https://www.zillow.com/homedetails/810-S-190th-Ave-Elkhorn-NE-68022/118732300_zpid/
41.29419,-96.22052,3411,575000,https://www.zillow.com/homedetails/3904-N-194th-St-Elkhorn-NE-68022/123427256_zpid/
41.210793,-96.1713,3140,415000,https://www.zillow.com/homedetails/16403-M-St-Omaha-NE-68135/75850688_zpid/
41.2273,-96.24824,5081,1160000,https://www.zillow.com/homedetails/3358-S-212th-Ave-Elkhorn-NE-68022/2056017220_zpid/
41.203854,-96.284615,3500,960000,https://www.zillow.com/homedetails/23515-P-St-Elkhorn-NE-68022/181006432_zpid/
41.30228,-96.18903,1570,349000,https://www.zillow.com/homedetails/4810-N-175th-Ave-Omaha-NE-68116/181075501_zpid/
41.248962,-96.162636,2510,379000,https://www.zillow.com/homedetails/1015-S-159th-Ave-Omaha-NE-68118/75838358_zpid/
41.327637,-96.10747,5379,825000,https://www.zillow.com/homedetails/7429-N-124th-St-Omaha-NE-68142/75789887_zpid/
41.31513,-96.03759,1352,288000,https://www.zillow.com/homedetails/6213-N-80th-St-Omaha-NE-68134/75870023_zpid/
41.315556,-96.007225,1260,235000,https://www.zillow.com/homedetails/6220-Nebraska-Ave-Omaha-NE-68104/75863016_zpid/
41.24857,-95.95675,2263,379995,https://www.zillow.com/homedetails/2965-Pacific-St-Omaha-NE-68105/118781187_zpid/
41.31417,-95.97887,1338,150000,https://www.zillow.com/homedetails/4360-Kansas-Ave-Omaha-NE-68111/75898953_zpid/
41.35059,-96.08082,2365,775000,https://www.zillow.com/homedetails/10001-N-108th-St-Omaha-NE-68142/75850153_zpid/
41.26604,-95.96115,2434,234900,https://www.zillow.com/homedetails/3226-Webster-St-Omaha-NE-68131/75848922_zpid/
41.21854,-96.24783,3386,402500,https://www.zillow.com/homedetails/4111-S-213th-St-Elkhorn-NE-68022/250205788_zpid/
41.285526,-95.97816,1254,105000,https://www.zillow.com/homedetails/4276-Binney-St-Omaha-NE-68111/75860830_zpid/
41.293064,-95.98633,1824,200000,https://www.zillow.com/homedetails/4811-Manderson-St-Omaha-NE-68104/75830382_zpid/
41.29647,-96.243004,3269,464000,https://www.zillow.com/homedetails/20911-Plum-St-Elkhorn-NE-68022/75808245_zpid/
41.2535,-96.22274,4288,600000,https://www.zillow.com/homedetails/606-S-Hws-Cleveland-Blvd-Elkhorn-NE-68022/75849822_zpid/
41.242123,-95.99953,1290,269900,https://www.zillow.com/homedetails/5584-Shirley-St-Omaha-NE-68106/75900293_zpid/
41.299015,-96.20961,2670,559967,https://www.zillow.com/homedetails/4421-N-189th-St-Elkhorn-NE-68022/2057140584_zpid/
41.28298,-96.20712,4212,895000,https://www.zillow.com/homedetails/2504-N-187th-Cir-Elkhorn-NE-68022/244070449_zpid/
41.260937,-96.11234,6007,845000,https://www.zillow.com/homedetails/12738-Davenport-Plz-Omaha-NE-68154/75800126_zpid/
41.239933,-96.24607,4353,875000,https://www.zillow.com/homedetails/2001-S-211th-St-Elkhorn-NE-68022/128546655_zpid/
41.20324,-95.9428,832,120000,https://www.zillow.com/homedetails/5413-S-21st-St-Omaha-NE-68107/75815731_zpid/
41.22816,-96.24311,4844,2000000,https://www.zillow.com/homedetails/20928-Barbara-Plaza-Cir-Elkhorn-NE-68022/331526522_zpid/
41.25522,-96.1504,2577,385000,https://www.zillow.com/homedetails/412-S-152nd-Cir-Omaha-NE-68154/75760439_zpid/
41.226364,-96.253296,3323,879000,https://www.zillow.com/homedetails/21608-Grover-St-Valley-NE-68022/244070357_zpid/
41.244625,-95.9218,1290,189900,https://www.zillow.com/homedetails/405-Woolworth-Ave-Omaha-NE-68108/75804932_zpid/
41.219933,-96.23955,3364,599000,https://www.zillow.com/homedetails/3961-George-B-Lake-Pkwy-Elkhorn-NE-68022/244939353_zpid/
41.205193,-95.967964,1726,190000,https://www.zillow.com/homedetails/3615-Q-St-Omaha-NE-68107/75848836_zpid/
41.16056,-96.194016,3758,545000,https://www.zillow.com/homedetails/10006-S-177th-St-Omaha-NE-68136/58581459_zpid/
41.220795,-96.24794,4149,840000,https://www.zillow.com/homedetails/3905-S-213th-St-Elkhorn-NE-68022/244067690_zpid/
41.269962,-96.10509,3140,370000,https://www.zillow.com/homedetails/12327-Nicholas-St-Omaha-NE-68154/75867604_zpid/
41.232517,-95.949646,675,119947,https://www.zillow.com/homedetails/2915-S-26th-St-Omaha-NE-68105/75840379_zpid/
41.21357,-96.230934,3060,700000,https://www.zillow.com/homedetails/4533-S-202nd-St-Elkhorn-NE-68135/2053917667_zpid/
41.289734,-96.011505,1624,210000,https://www.zillow.com/homedetails/6344-Emmet-St-Omaha-NE-68104/75791534_zpid/
41.165234,-96.19686,2457,347000,https://www.zillow.com/homedetails/9503-S-180th-Ave-Omaha-NE-68136/340361299_zpid/
41.227924,-95.9215,1741,369000,https://www.zillow.com/homedetails/326-Valley-St-Omaha-NE-68108/75829500_zpid/
41.220787,-96.24734,3901,895000,https://www.zillow.com/homedetails/3902-S-212th-St-Elkhorn-NE-68022/244066043_zpid/
41.29633,-96.1275,3234,430000,https://www.zillow.com/homedetails/13705-Hillsborough-Dr-Omaha-NE-68164/75766424_zpid/
41.246098,-95.92156,3044,465000,https://www.zillow.com/homedetails/402-1-2-William-St-Omaha-NE-68108/2057466679_zpid/
41.263805,-95.973785,2380,400000,https://www.zillow.com/homedetails/429-N-41st-St-Omaha-NE-68131/91926742_zpid/
41.158752,-96.16722,5523,974900,https://www.zillow.com/homedetails/10135-S-162nd-St-Omaha-NE-68136/58588835_zpid/
41.212864,-96.24907,2520,444855,https://www.zillow.com/homedetails/21318-Karen-St-Elkhorn-NE-68022/344781046_zpid/
41.283722,-96.19729,2717,875000,https://www.zillow.com/homedetails/2737-N-181st-St-Elkhorn-NE-68022/340032319_zpid/
41.2171,-96.25944,3441,777900,https://www.zillow.com/homedetails/4303-S-219th-St-Elkhorn-NE-68022/250204875_zpid/
41.283154,-96.226746,1250,335500,https://www.zillow.com/homedetails/2601-Piney-Creek-Dr-Elkhorn-NE-68022/2060876991_zpid/
41.309322,-96.23822,2868,549950,https://www.zillow.com/homedetails/20706-Ellison-Ave-Elkhorn-NE-68022/2059102514_zpid/
41.302036,-95.959236,2138,285000,https://www.zillow.com/homedetails/4720-N-31st-Ave-Omaha-NE-68111/75804234_zpid/
41.23111,-95.94026,572,45000,https://www.zillow.com/homedetails/3026-S-18th-St-Omaha-NE-68108/75781335_zpid/
41.283905,-96.19966,3654,750000,https://www.zillow.com/homedetails/2745-N-182nd-Ave-Elkhorn-NE-68022/2055726995_zpid/
41.29073,-95.99097,1569,194000,https://www.zillow.com/homedetails/5014-Pinkney-St-Omaha-NE-68104/75879004_zpid/
41.309677,-96.24115,3956,599950,https://www.zillow.com/homedetails/20825-Hartman-Ave-Elkhorn-NE-68022/2055935125_zpid/
41.283604,-96.20599,3551,640000,https://www.zillow.com/homedetails/2616-N-186th-St-Elkhorn-NE-68022/244071762_zpid/
41.214077,-96.23125,4616,744900,https://www.zillow.com/homedetails/4530-S-202nd-St-Omaha-NE-68135/2054554999_zpid/
41.166187,-96.19499,1588,358803,https://www.zillow.com/homedetails/9413-S-179th-St-Omaha-NE-68136/250939774_zpid/
41.220135,-96.2479,3667,715000,https://www.zillow.com/homedetails/3923-S-213th-St-Elkhorn-NE-68022/244067948_zpid/
41.25475,-95.93401,858,295500,https://www.zillow.com/homedetails/1308-Jackson-St-SUITE-401-Omaha-NE-68102/91929546_zpid/
41.26649,-96.05798,2165,449000,https://www.zillow.com/homedetails/770-N-93rd-St-Omaha-NE-68114/2068725875_zpid/
41.154587,-96.17667,3700,1159900,https://www.zillow.com/homedetails/10420-S-167th-Cir-Omaha-NE-68136/2052959708_zpid/
41.186916,-96.20606,3565,513900,https://www.zillow.com/homedetails/18528-Olive-Cir-Omaha-NE-68136/337726669_zpid/
41.248074,-96.10545,2738,885000,https://www.zillow.com/homedetails/11550-S-123rd-Ter-Papillion-NE-68046/2057647533_zpid/
41.260975,-95.95939,2311,400000,https://www.zillow.com/homedetails/138-N-31st-Ave-Omaha-NE-68131/118839367_zpid/
41.28521,-96.1769,1759,484606,https://www.zillow.com/homedetails/2902-N-167th-Cir-Omaha-NE-68116/337000322_zpid/
41.296967,-96.21049,3364,635000,https://www.zillow.com/homedetails/18906-Boyd-St-Elkhorn-NE-68022/181124440_zpid/
41.287285,-96.20531,3293,699900,https://www.zillow.com/homedetails/18504-Wirt-Cir-Elkhorn-NE-68022/250206480_zpid/
41.319138,-96.17807,1621,344900,https://www.zillow.com/homedetails/6611-N-168th-St-Omaha-NE-68116/337000758_zpid/
41.281025,-96.21068,2473,505000,https://www.zillow.com/homedetails/2416-N-188th-Ter-Elkhorn-NE-68022/244070092_zpid/
41.246445,-95.931,740,130000,https://www.zillow.com/homedetails/1105-Briggs-St-Omaha-NE-68108/75781194_zpid/
41.28984,-95.94762,1424,145000,https://www.zillow.com/homedetails/2409-Emmet-St-Omaha-NE-68111/75805231_zpid/
41.151,-96.19416,1752,349990,https://www.zillow.com/homedetails/10817-S-178th-Ave-Omaha-NE-68136/347097412_zpid/
41.22105,-96.2461,3326,699950,https://www.zillow.com/homedetails/3926-S-211th-St-Elkhorn-NE-68022/2056352551_zpid/
41.164246,-96.202576,2492,405903,https://www.zillow.com/homedetails/9610-S-184th-St-Omaha-NE-68136/251155379_zpid/
41.1402,-96.1243,3198,639000,https://www.zillow.com/homedetails/12802-Cooper-St-Omaha-NE-68138/346988379_zpid/
41.30114,-96.213844,2770,565000,https://www.zillow.com/homedetails/4717-N-192nd-Ave-Elkhorn-NE-68022/2057011930_zpid/
41.21467,-96.22986,3854,739900,https://www.zillow.com/homedetails/4509-S-202nd-St-Omaha-NE-68135/2056479821_zpid/
41.3168,-96.178635,2486,402900,https://www.zillow.com/homedetails/6412-N-168th-Ave-Omaha-NE-68116/337000725_zpid/
41.310383,-96.03619,1818,449950,https://www.zillow.com/homedetails/5714-N-79th-St-Omaha-NE-68134/75864145_zpid/
41.333233,-96.08864,1621,309900,https://www.zillow.com/homedetails/8017-N-113th-St-Omaha-NE-68164/2061187247_zpid/
41.215088,-96.25401,3499,699900,https://www.zillow.com/homedetails/4509-S-217th-St-Elkhorn-NE-68022/250205099_zpid/
41.149315,-96.189224,3905,699900,https://www.zillow.com/homedetails/11010-S-175th-St-Omaha-NE-68136/122922361_zpid/
41.164024,-96.20404,2385,439000,https://www.zillow.com/homedetails/9702-S-184th-Ave-Omaha-NE-68136/251155363_zpid/
41.30726,-96.2438,2854,598950,https://www.zillow.com/homedetails/20976-Ogden-St-Elkhorn-NE-68022/2057473556_zpid/
41.194443,-96.24094,3160,589900,https://www.zillow.com/homedetails/6460-S-208th-St-Elkhorn-NE-68022/303955164_zpid/
41.174522,-96.18862,2418,439990,https://www.zillow.com/homedetails/17513-Rose-Lane-Rd-Omaha-NE-68137/344608170_zpid/
41.17725,-96.18917,2201,389900,https://www.zillow.com/homedetails/17523-Greenleaf-St-Omaha-NE-68136/2062252402_zpid/
41.317383,-96.18051,2057,411741,https://www.zillow.com/homedetails/16916-Raymond-Ave-Omaha-NE-68116/337000680_zpid/
41.31007,-96.240105,3635,650000,https://www.zillow.com/homedetails/20810-Hartman-Ave-Elkhorn-NE-68022/2058429500_zpid/
41.21491,-95.98031,2120,430000,https://www.zillow.com/homedetails/4375-Patterson-St-Omaha-NE-68107/180954873_zpid/
41.331753,-96.09033,1537,302900,https://www.zillow.com/homedetails/7918-N-113th-Ave-Omaha-NE-68142/339617542_zpid/
41.149,-96.20824,2782,494895,https://www.zillow.com/homedetails/11014-S-187th-St-Omaha-NE-68136/244203674_zpid/
41.19208,-96.24094,3851,658000,https://www.zillow.com/homedetails/20902-Polk-St-Elkhorn-NE-68022/303955113_zpid/
41.341564,-96.01098,4823,1500000,https://www.zillow.com/homedetails/6404-Howell-St-Omaha-NE-68152/337784246_zpid/
41.32082,-95.93874,728,40000,https://www.zillow.com/homedetails/6904-N-16th-St-Omaha-NE-68112/118843540_zpid/
41.176422,-96.18914,2201,389900,https://www.zillow.com/homedetails/17525-Robin-Dr-Omaha-NE-68136/2062252373_zpid/
41.318996,-96.17807,1659,347900,https://www.zillow.com/homedetails/6607-N-168th-St-Omaha-NE-68116/337000757_zpid/
41.16536,-96.19567,1870,370832,https://www.zillow.com/homedetails/17907-Palisades-Dr-Omaha-NE-68136/250940072_zpid/
41.2961,-96.1638,2944,527000,https://www.zillow.com/homedetails/LOT-4-161st-St-Omaha-NE-68116/2053762720_zpid/
41.176434,-96.18824,2201,389900,https://www.zillow.com/homedetails/17505-Robin-Dr-Omaha-NE-68136/2062258357_zpid/
41.192097,-96.22954,2767,577837,https://www.zillow.com/homedetails/6620-S-200th-Ave-Omaha-NE-68135/180996009_zpid/
41.30851,-96.24051,3515,625000,https://www.zillow.com/homedetails/5516-N-208th-Ave-Omaha-NE-68022/2053962852_zpid/
41.236217,-95.93758,3142,980000,https://www.zillow.com/homedetails/2416-S-16th-St-Omaha-NE-68108/303953389_zpid/
41.1752,-96.173,2964,475990,https://www.zillow.com/homedetails/17511-Virginia-St-Omaha-NE-68137/343900444_zpid/
41.15878,-96.19701,1913,450000,https://www.zillow.com/homedetails/10201-S-180th-Ave-Circle-Omaha-NE-68136/2053895182_zpid/
41.174957,-96.189125,2356,439990,https://www.zillow.com/homedetails/17508-Rose-Lane-Rd-Omaha-NE-68137/343900445_zpid/
41.176434,-96.18878,2201,389900,https://www.zillow.com/homedetails/17513-Robin-Dr-Omaha-NE-68136/2062262208_zpid/
41.159485,-96.21453,3342,624900,https://www.zillow.com/homedetails/10117-S-191st-Ave-Omaha-NE-68136/2063340631_zpid/
41.24848,-96.047035,2000,895000,https://www.zillow.com/homedetails/8646-Loveland-Estates-Ct-Omaha-NE-68124/2056815022_zpid/
41.30209,-96.244865,2002,465000,https://www.zillow.com/homedetails/4704-N-210th-Ave-Elkhorn-NE-68022/2055440372_zpid/
41.17725,-96.188805,2201,389900,https://www.zillow.com/homedetails/17515-Greenleaf-St-Omaha-NE-68136/2062268623_zpid/
41.329823,-96.08559,1621,319900,https://www.zillow.com/homedetails/11056-Baker-St-Omaha-NE-68142/339617638_zpid/
41.175682,-96.18811,2964,469990,https://www.zillow.com/homedetails/8308-S-175th-St-Omaha-NE-68137/2053870847_zpid/
41.319283,-96.18202,2233,435900,https://www.zillow.com/homedetails/6615-N-Hws-Cleveland-Blvd-Omaha-NE-68116/344102352_zpid/
41.196316,-96.243,2165,480000,https://www.zillow.com/homedetails/6307-S-210th-St-Elkhorn-NE-68022/303955226_zpid/
41.33139,-96.08908,1849,343400,https://www.zillow.com/homedetails/11214-King-St-Omaha-NE-68142/339617603_zpid/
41.282917,-95.97503,760,90000,https://www.zillow.com/homedetails/4121-Miami-St-Omaha-NE-68111/75791664_zpid/
41.333023,-96.05913,1752,334990,https://www.zillow.com/homedetails/9314-Reynolds-St-Omaha-NE-68122/337000390_zpid/
41.332573,-96.08823,2014,341900,https://www.zillow.com/homedetails/11202-Reynolds-St-Omaha-NE-68142/2061186165_zpid/
41.165363,-96.19512,1588,407092,https://www.zillow.com/homedetails/17813-Palisades-Dr-Omaha-NE-68136/250940479_zpid/
41.1512,-96.194824,1752,349990,https://www.zillow.com/homedetails/10812-S-178th-Ave-Omaha-NE-68136/339900858_zpid/
41.177254,-96.18954,1351,374900,https://www.zillow.com/homedetails/17531-Greenleaf-St-Omaha-NE-68136/2062268761_zpid/
41.147423,-96.10982,2296,480100,https://www.zillow.com/community/founders-ridge/344590380_zpid/
41.159317,-96.20125,2800,509000,https://www.zillow.com/homedetails/18219-Cheyenne-Rd-Omaha-NE-68136/250940403_zpid/
41.32056,-96.18212,1421,324900,https://www.zillow.com/homedetails/17068-Mary-St-Omaha-NE-68116/2061176820_zpid/
41.147423,-96.10982,2657,512800,https://www.zillow.com/community/founders-ridge/344590437_zpid/
41.17539,-96.19385,1879,368988,https://www.zillow.com/homedetails/17808-Virginia-St-Omaha-NE-68136/343544101_zpid/
41.176422,-96.18934,2201,389900,https://www.zillow.com/homedetails/17529-Robin-Dr-Omaha-NE-68136/2062267678_zpid/
41.177284,-96.190994,1902,338000,https://www.zillow.com/homedetails/17631-Greenleaf-St-Omaha-NE-68136/2062258541_zpid/
41.177853,-96.191025,1902,358000,https://www.zillow.com/homedetails/17636-Greenleaf-St-Omaha-NE-68136/2062262573_zpid/
41.19075,-96.229485,2296,480100,https://www.zillow.com/community/falling-waters/344590436_zpid/
38.975212,-94.684425,1056,189900,https://www.zillow.com/homedetails/8546-W-85th-St-Overland-Park-KS-66212/91181970_zpid/
38.976692,-94.66665,1641,375000,https://www.zillow.com/homedetails/8401-Travis-Ln-Overland-Park-KS-66212/75540775_zpid/
38.980648,-94.68431,1177,310000,https://www.zillow.com/homedetails/8138-Woodward-St-Overland-Park-KS-66204/75572909_zpid/
38.992138,-94.685974,1386,349000,https://www.zillow.com/homedetails/7523-Antioch-Rd-Overland-Park-KS-66204/75675554_zpid/
39.04151,-94.682655,861,189000,https://www.zillow.com/homedetails/4825-Hadley-St-Overland-Park-KS-66203/91182445_zpid/
38.99596,-94.66513,888,287000,https://www.zillow.com/homedetails/6815-W-73rd-St-Overland-Park-KS-66204/75594790_zpid/
39.017048,-94.669334,864,259000,https://www.zillow.com/homedetails/6144-Floyd-St-Overland-Park-KS-66202/75540054_zpid/
38.988316,-94.6612,1440,375000,https://www.zillow.com/homedetails/6513-W-77th-Ter-Overland-Park-KS-66204/75667250_zpid/
39.002033,-94.66133,2458,748000,https://www.zillow.com/homedetails/7000-Walmer-St-Overland-Park-KS-66204/75666493_zpid/
38.86629,-94.678474,3247,525000,https://www.zillow.com/homedetails/8004-W-144th-Pl-Overland-Park-KS-66223/75593411_zpid/
38.945473,-94.70715,3364,329900,https://www.zillow.com/homedetails/10132-Bluejacket-Dr-Overland-Park-KS-66214/75616034_zpid/
38.83354,-94.72322,4916,1050000,https://www.zillow.com/homedetails/16229-Garnett-St-Overland-Park-KS-66221/247400444_zpid/
38.942387,-94.64,3480,449000,https://www.zillow.com/homedetails/10237-Linden-St-Overland-Park-KS-66207/75599787_zpid/
38.950905,-94.67193,2829,490000,https://www.zillow.com/homedetails/9813-Foster-St-Overland-Park-KS-66212/75561799_zpid/
38.848778,-94.72927,3217,659950,https://www.zillow.com/homedetails/12306-W-154th-Ter-Overland-Park-KS-66221/75611230_zpid/
39.119408,-94.88375,1780,247000,https://www.zillow.com/homedetails/13119-Everett-Ct-Kansas-City-KS-66109/75716206_zpid/
39.146698,-94.81559,1514,239000,https://www.zillow.com/homedetails/10339-Edith-Ave-Kansas-City-KS-66109/75716485_zpid/
39.046547,-94.61172,1234,315000,https://www.zillow.com/homedetails/4475-Rainbow-Blvd-Kansas-City-KS-66103/91307881_zpid/
39.11845,-94.75859,1270,145000,https://www.zillow.com/homedetails/1221-N-77th-Ter-Kansas-City-KS-66112/75724355_zpid/
39.128174,-94.65058,1681,169900,https://www.zillow.com/homedetails/1919-Parallel-Ave-Kansas-City-KS-66104/75727210_zpid/
39.061966,-94.65314,1632,240000,https://www.zillow.com/homedetails/2109-Steele-Rd-Kansas-City-KS-66106/75738436_zpid/
39.114742,-94.76535,816,185000,https://www.zillow.com/homedetails/909-N-80th-Ter-Kansas-City-KS-66112/75731426_zpid/
39.128307,-94.763725,1020,205000,https://www.zillow.com/homedetails/7941-Parallel-Pkwy-Kansas-City-KS-66112/75735043_zpid/
39.130657,-94.84508,2304,300000,https://www.zillow.com/homedetails/2131-N-115th-St-Kansas-City-KS-66109/75696514_zpid/
39.11452,-94.71695,1370,268900,https://www.zillow.com/homedetails/909-N-61st-St-Kansas-City-KS-66102/75733321_zpid/
39.046608,-94.61224,1684,398500,https://www.zillow.com/homedetails/4460-Rainbow-Blvd-Kansas-City-KS-66103/75689481_zpid/
39.074448,-94.667336,1217,169950,https://www.zillow.com/homedetails/1418-S-33rd-St-Kansas-City-KS-66106/75700893_zpid/
39.106266,-94.64562,1402,240000,https://www.zillow.com/homedetails/207-N-15th-St-Kansas-City-KS-66102/75694312_zpid/
39.11913,-94.64493,820,100000,https://www.zillow.com/homedetails/1314-N-14th-St-Kansas-City-KS-66102/75737839_zpid/
39.14215,-94.71412,1151,200000,https://www.zillow.com/homedetails/3018-N-58th-St-Kansas-City-KS-66104/75719064_zpid/
39.131454,-94.63891,1158,129900,https://www.zillow.com/homedetails/1116-Greeley-Ave-Kansas-City-KS-66104/75698407_zpid/
39.169315,-94.86022,3358,453400,https://www.zillow.com/homedetails/4508-N-121st-Ter-Kansas-City-KS-66109/75715832_zpid/
39.14235,-94.650826,2990,308910,https://www.zillow.com/homedetails/1736-Roswell-Ave-Kansas-City-KS-66104/207881464_zpid/
39.110634,-94.65477,1332,79000,https://www.zillow.com/homedetails/2216-Elizabeth-Ave-Kansas-City-KS-66102/75722974_zpid/
39.14817,-94.88023,2468,519950,https://www.zillow.com/homedetails/12929-N-Sloan-Ave-Kansas-City-KS-66109/344601502_zpid/
39.131847,-94.64938,792,110000,https://www.zillow.com/homedetails/1729-Waverly-Ave-Kansas-City-KS-66104/75689992_zpid/
39.122047,-94.6506,2310,179000,https://www.zillow.com/homedetails/1827-New-Jersey-Ave-Kansas-City-KS-66102/75726081_zpid/
39.12911,-94.656136,822,179155,https://www.zillow.com/homedetails/2405-Stewart-Ave-Kansas-City-KS-66104/75699562_zpid/
39.133354,-94.62984,2100,210000,https://www.zillow.com/homedetails/808-Quindaro-Blvd-Kansas-City-KS-66101/75693625_zpid/
39.149685,-94.71216,1209,160000,https://www.zillow.com/homedetails/4619-Lafayette-Ave-Kansas-City-KS-66104/75702784_zpid/
39.07262,-94.797386,1634,599500,https://www.zillow.com/homedetails/9797-Metropolitan-Cir-Kansas-City-KS-66111/2053763663_zpid/
39.14234,-94.64972,1366,295000,https://www.zillow.com/homedetails/3017-Getty-St-Kansas-City-KS-66104/207881449_zpid/
39.147373,-94.83267,2565,590159,https://www.zillow.com/homedetails/3311-N-109th-Ter-Kansas-City-KS-66109/207881403_zpid/
39.11294,-94.63105,1512,195000,https://www.zillow.com/homedetails/828-Barnett-Ave-Kansas-City-KS-66101/75730610_zpid/
39.13639,-94.64443,1570,145000,https://www.zillow.com/homedetails/1328-Yecker-Ave-Kansas-City-KS-66104/75689754_zpid/
39.14852,-94.83276,2257,574635,https://www.zillow.com/community/whispering-ridge-swanson-farm/347151957_zpid/
